AL	Chicago White Sox	Adam Dunn	DH	AC/DC	Highway to Hell	Holiday
AL	Chicago White Sox	Addison Reed	P	Bruce Springsteen	Glory Days	Rock
AL	Chicago White Sox	Alex Rios	RF	Madcon	Beggin' - Original Version	Hip Hop/Rap
AL	Chicago White Sox	Alex Rios	RF	The Chillout Players	Oye Coma Va	Pop
AL	Chicago White Sox	Alexei Ramirez	SS	Los 4	Escucha Lo Que Traje	Reggaeton y Hip-Hop
AL	Chicago White Sox	Alexei Ramirez	SS	Don Omar	Pobre Diabla	Reggaeton y Hip-Hop
AL	Chicago White Sox	Brent Morel	3B	Jason Aldean	Dirt Road Anthem	Country
AL	Chicago White Sox	Brent Morel	3B	Jake Owen	Eight Second Ride	Country
AL	Chicago White Sox	Casper Wells	LF	Alesso, Sebastian Ingrosso	Calling (Lose My Mind) - Radio Edit	Dance
AL	Chicago White Sox	Chris Sale	P	Styx	Come Sail Away	Rock
AL	Chicago White Sox	Dayan Viciedo	LF	Kigity K, T.I.	All She Wrote	
AL	Chicago White Sox	Dewayne Wise	CF	Biz Markie	Make the Music With Your Mouth, Biz	Hip Hop/Rap
AL	Chicago White Sox	Gordon Beckham	2B	Megadeth	Holy Wars...The Punishment Due - 2004 Digital Remaster	Rock
AL	Chicago White Sox	Gordon Beckham	2B	The Outfield	Your Love	Rock
AL	Chicago White Sox	Hector Santiago	P	The Jimi Hendrix Experience	Voodoo Child (Slight Return)	Rock
AL	Chicago White Sox	Hector Santiago	P	Mötley Crüe	Kickstart My Heart	Rock
AL	Chicago White Sox	Jake Peavy	P	Lynyrd Skynyrd	Sweet Home Alabama	Rock
AL	Chicago White Sox	Jeff Keppinger	3B	JAY-Z	On To The Next One [Jay-Z + Swizz Beatz] - Explicit Album Version	Hip Hop/Rap
AL	Chicago White Sox	Matt Thornton	P	Aaron Lewis	Country Boy (feat. George Jones & Charlie Daniels)	Country
AL	Chicago White Sox	Matt Thornton	P	Godsmack	Livin In Sin	Rock
AL	Chicago White Sox	Nate Jones	P	Tom Jones, Les Reed	It's Not Unusual	Pop
AL	Chicago White Sox	Paul Konerko	1B	Metallica	Harvester of Sorrow	Rock
AL	Chicago White Sox	Tyler Greene	2B	YC Worldwide, Future	Racks - Explicit Version	
AL	Chicago White Sox	Tyler Flowers	C	Josh Kelley	Georgia Clay	Country
AL	Tampa Bay Rays	Ben Zobrist	2B	Julianna Zobrist	Behind Me	Christian & Gospel
AL	Tampa Bay Rays	David Price	P	Pretty Lights	Finally Moving	Electronic
AL	Tampa Bay Rays	Desmond Jennings	CF	Kanye West, Big Sean	Mercy	Hip Hop/Rap
AL	Tampa Bay Rays	Evan Longoria	3B	Tantric	Down And Out	Rock
AL	Tampa Bay Rays	Fernando Rodney	P	Hank Ballard	The Twist (Studio Rerecord)	Pop
AL	Tampa Bay Rays	Jake Mcgee	P	Limp Bizkit	My Way	Rock
AL	Tampa Bay Rays	James Loney	1B	MGK, Waka Flocka Flame	Wild Boy - Explicit Version	Hip Hop/Rap
AL	Tampa Bay Rays	Jason Bourgeois	CF	DJ Rell, Rick Ross	Even Deeper	Hip Hop/Rap
AL	Tampa Bay Rays	Jeremy Hellickson	P	T.I.	No Mercy - feat. The-Dream	Hip Hop/Rap
AL	Tampa Bay Rays	Jose Lobaton	C	Fun.	We Are Young - feat. Janelle Monáe	Alternative
AL	Tampa Bay Rays	Jose Molina	C	Wisin & Yandel	Peligro	Reggaeton y Hip-Hop
AL	Tampa Bay Rays	Kelly Johnson	2B	Rage Against The Machine	Bulls on Parade	Alternative
AL	Tampa Bay Rays	Luke Scott	DH	Scorpions	Rock You Like A Hurricane	Rock
AL	Tampa Bay Rays	Matt Joyce	RF	Flux Pavilion	I Can't Stop	Dance
AL	Tampa Bay Rays	Rich Thompson	LF	Jeremy Camp	Take My Life	Christian & Gospel
AL	Tampa Bay Rays	Roberto Hernandez	P	Kanye West	Stronger	Hip Hop/Rap
AL	Tampa Bay Rays	Sam Fuld	LF	MGMT	Electric Feel	Alternative
AL	Tampa Bay Rays	Sean Rodriguez	SS	Tedashii	I'm a Believer Ft. Trip Lee & SoyÃ©	
AL	Tampa Bay Rays	Shelley Duncan	LF	Rob Zombie	Dragula	Rock
AL	Tampa Bay Rays	Wil Myers	RF	Mötley Crüe	Kickstart My Heart	Rock
AL	Tampa Bay Rays	Yunel Escobar	SS	Daddy Yankee	Somos De Calle	Reggaeton y Hip-Hop
AL	Kansas City Royals	Aaron Crow	P	Skrillex	Bangarang - feat. Sirah	Dance
AL	Kansas City Royals	Alcides Escobar	SS	Pitbull, Chris Brown	International Love	Pop
AL	Kansas City Royals	Alex Gordon	LF	Drake	Over - Explicit Version	Hip Hop/Rap
AL	Kansas City Royals	Billy Butler	DH	Luke Bryan	Drunk On You	Country
AL	Kansas City Royals	Brett Hayes	C	Skrillex	Bangarang - feat. Sirah	Dance
AL	Kansas City Royals	David Lough	RF	Mann	Buzzin	Hip Hop/Rap
AL	Kansas City Royals	Elliot Johnson	SS	The Jimi Hendrix Experience	Foxey Lady	Rock
AL	Kansas City Royals	Eric Hosmer	1B	Drake, Birdman	We'll Be Fine	Hip Hop/Rap
AL	Kansas City Royals	Everett Teaford	P	The Karaoke Studio	Kick It in the Sticks (In the Style of Brantley Gilbert) [Instrumental Version]	Country
AL	Kansas City Royals	Greg Holland	P	MGMT	Electric Feel	Alternative
AL	Kansas City Royals	Jeff Francoeur	RF	Twisted Sister	I Wanna Rock	Rock
AL	Kansas City Royals	Jeremy Guthrie	P	Outasight	Tonight Is The Night	Pop
AL	Kansas City Royals	Kelvin Herrera	P	Omega	A Cualta Mi Gata	Latin
AL	Kansas City Royals	Mike Moustakas	3B	The Jimi Hendrix Experience	Voodoo Chile	Rock
AL	Kansas City Royals	Tim Collins	P	Drowning Pool	Bodies	Rock
AL	Kansas City Royals	Xavier Nady	LF	Flo Rida	Good Feeling	Hip Hop/Rap
AL	Minnesota Twins	Brian Dozier	2B	Justin Moore	Small Town USA	Country
AL	Minnesota Twins	Chris Parmelee	RF	Red Hot Chili Peppers	Can't Stop	Rock
AL	Minnesota Twins	Darin Mastroianni	RF	B.o.B	So Good	Hip Hop/Rap
AL	Minnesota Twins	Drew Butera	C	Jay Z, Kanye West	Ni**as In Paris	Hip Hop/Rap
AL	Minnesota Twins	Eduardo Escobar	3B	Marc Anthony	Aguanile	Salsa y Tropical
AL	Minnesota Twins	Eduardo Escobar	3B	Pitbull, Chris Brown	International Love	Pop
AL	Minnesota Twins	Jamey Carroll	2B	Jason Aldean	Dirt Road Anthem	Country
AL	Minnesota Twins	Jared Burton	P	George Thorogood And The Destroyers	Bad To The Bone	Rock
AL	Minnesota Twins	Joe Benson	LF	T.I.	What You Know - Explicit Album Version	Hip Hop/Rap
AL	Minnesota Twins	Joe Mauer	C	T.I.	What You Know - Explicit Album Version	Hip Hop/Rap
AL	Minnesota Twins	Josh Willingham	LF	The Outfield	Your Love	Rock
AL	Minnesota Twins	Josh Willingham	LF	Lynyrd Skynyrd	Sweet Home Alabama	Rock
AL	Minnesota Twins	Josh Roenicke	P	Jeremih	Imma Star (Everywhere We Are)	R&B/Soul
AL	Minnesota Twins	Justin Morneau	1B	Thunderstruck	Rock And Roll Aint Noise Pollution	Rock
AL	Minnesota Twins	Ryan Doumit	C	Danzig	Mother	Rock
AL	Minnesota Twins	Scott Diamond	P	Shinedown	Diamond Eyes [Boom-Lay Boom-Lay Boom]	Rock
AL	Minnesota Twins	Trevor Plouffe	3B	Led Zeppelin	When the Levee Breaks	Rock
AL	Minnesota Twins	Vance Worley	P	Celly Cel	It's Goin Down	Hip Hop/Rap
AL	Boston Red Sox	Alfredo Aceves	P	The Chillout Players	Oye Coma Va	Pop
AL	Boston Red Sox	Clay Buchholz	P	Young Jeezy	Voodoo Child (Slight Return)	
AL	Boston Red Sox	Daniel Bard	P	Ted Nugent	Stranglehold	Rock
AL	Boston Red Sox	David Ross	C	Alabama	Roll On (Eighteen Wheeler) - Short Version	Country
AL	Boston Red Sox	David Ortiz	DH	Rick Ross	Stay Schemin	Hip Hop/Rap
AL	Boston Red Sox	David Ortiz	DH	Alexis & Fido	Súbete	Reggaeton y Hip-Hop
AL	Boston Red Sox	Drew Sutton	3B	AWOLNATION	Sail	Alternative
AL	Boston Red Sox	Dustin Pedroia	2B	Too $hort	Gettin' It	Hip Hop/Rap
AL	Boston Red Sox	Dustin Pedroia	2B	Ghetto Playerz	Fuck Wit Dre (Day)	Hip Hop/Rap
AL	Boston Red Sox	Jacoby Ellsbury	CF	Kevin Rudolf	Let It Rock	Rock
AL	Boston Red Sox	Jarrod Saltalamacchia	C	Jake Owen	Eight Second Ride	Country
AL	Boston Red Sox	Joel Hanrahan	P	Slipknot	Before I Forget	Rock
AL	Boston Red Sox	John Lackey	P	Eric Church	Guys Like Me	Country
AL	Boston Red Sox	Jon Lester	P	Jason Aldean	I Use What I Got	Country
AL	Boston Red Sox	Jonny Gomes	LF	Future	Tony Montana featuring Drake	
AL	Boston Red Sox	Jonny Gomes	LF	Dropkick Murphys	The Boys Are Back	Alternative
AL	Boston Red Sox	Jose Iglesias	SS	Gente De Zona	El Animal	Reggaeton y Hip-Hop
AL	Boston Red Sox	Koji Uehara	P	Phish	Tweezer - Reprise	Rock
AL	Boston Red Sox	Mike Napoli	1B	Future	Magic featuring T.I. - Remix	
AL	Boston Red Sox	Mike Carp	LF	Freestylers	Cracks Feat. Belle Humble (Flux Pavilion Rmx)	
AL	Boston Red Sox	Mitch Maier	CF	Metallica	Enter Sandman	Rock
AL	Boston Red Sox	Ryan Lavarnway	C	Five Finger Death Punch	The Bleeding	Rock
AL	Boston Red Sox	Shane Victorino	RF	Bob Marley & The Wailers	Buffalo Soldier	Reggae
AL	Boston Red Sox	Shane Victorino	RF	Andy Grammer	Keep Your Head Up	Pop
AL	Boston Red Sox	Will Middlebrooks	3B	Stevie Ray Vaughan And Double Trouble	Texas Flood	Blues-Rock
AL	Texas Rangers	Adrian Beltre	3B	Tego Calderon	Pa' Que Retozen	Latin
AL	Texas Rangers	AJ Pierzynski	C	Kurtis Blow	AJ Scratch	Hip Hop/Rap
AL	Texas Rangers	AJ Pierzynski	C	Creed	Bullets	Rock
AL	Texas Rangers	Craig Gentry	CF	Tantric	Breakdown	Rock
AL	Texas Rangers	Craig Gentry	CF	Switchfoot	Meant To Live	Rock
AL	Texas Rangers	David Murphy	LF	Kutless	Strong Tower	Christian & Gospel
AL	Texas Rangers	David Murphy	LF	Building 429	Where I Belong	Christian & Gospel
AL	Texas Rangers	Derek Holland	P	Linkin Park	Papercut	Alternative
AL	Texas Rangers	Derek Lowe	P	Metallica	Turn The Page	Rock
AL	Texas Rangers	Elvis Andrus	SS	Michel Teló	Ai Se Eu Te Pego - Live	Brazilian
AL	Texas Rangers	Elvis Andrus	SS	Psy	Gangnam Style (강남스타일)	Pop
AL	Texas Rangers	Ian Kinsler	2B	Ram Jam	Black Betty	Rock
AL	Texas Rangers	Jeff Baker	1B	Wolfmother	Joker And The Thief	Alternative
AL	Texas Rangers	Lance Berkman	1B	Johnny Cash	God's Gonna Cut You Down	Country
AL	Texas Rangers	Mitch Moreland	1B	Eric Church	Homeboy	Country
AL	Texas Rangers	Nelson Cruz	RF	Alexis & Fido	Rescate Feat. Daddy Yankee	Reggaeton y Hip-Hop
AL	Texas Rangers	Robbie Ross	P	Imagine Dragons	Radioactive	Alternative
AL	Texas Rangers	Yu Darvish	P	Soulja Boy Tell'em	Crank That (Soulja Boy) - Clean	Hip Hop/Rap
AL	Los Angeles Angels	Albert Pujols	1B	Canton Jones	5 Seconds (Live)	Christian & Gospel
AL	Los Angeles Angels	Erick Aybar	SS	OutKast	Player's Ball	Hip Hop/Rap
AL	Los Angeles Angels	Erick Aybar	SS	Secreto "El Famoso Biberon"	Ponte Tu Chaleco	Hip Hop/Rap
AL	Los Angeles Angels	Ernesto Frieri	P	Gipsy Kings	Volare	Latin
AL	Los Angeles Angels	Hank Conger	C	Calvin Harris, Ellie Goulding	I Need Your Love	Dance
AL	Los Angeles Angels	Howie Kendrick	2B	2Pac, Roger Troutman	California Love - Original Mix (Explicit)	Hip Hop/Rap
AL	Los Angeles Angels	Howie Kendrick	2B	Imagine Dragons	Radioactive	Alternative
AL	Los Angeles Angels	JB Shuck	RF	Florida Georgia Line	Cruise	Pop
AL	Los Angeles Angels	Jered Weaver	P	Shinedown	Simple Man - Rock Version	Rock
AL	Los Angeles Angels	Joe Blanton	P	Brooks & Dunn	Hillbilly Deluxe	Country
AL	Los Angeles Angels	Josh Hamilton	RF	Third Day	Trust In Jesus	Christian & Gospel
AL	Los Angeles Angels	Josh Hamilton	RF	Lecrae	Boasting Ft. Anthony Evans	Christian & Gospel
AL	Los Angeles Angels	Kevin Jepsen	P	Carly Rae Jepsen	Call Me Maybe	Pop
AL	Los Angeles Angels	Mark Lowe	P	Steve Earle	Copperhead Road	Country
AL	Los Angeles Angels	Mark Trumbo	LF	Rage Against The Machine	Renegades Of Funk	Alternative
AL	Los Angeles Angels	Mark Trumbo	LF	AFI	Summer Shudder	Alternative
AL	Los Angeles Angels	Mark Trumbo	LF	Thrice	Firebreather	Alternative
AL	Los Angeles Angels	Mike Trout	CF	Linkin Park	New Divide	Rock
AL	Los Angeles Angels	Mike Trout	CF	Don Omar, Lucenzo	Danza Kuduro	Reggaeton y Hip-Hop
AL	Los Angeles Angels	Peter Bourjos	CF	Red Hot Chili Peppers	Can't Stop	Rock
AL	Los Angeles Angels	Scott Downs	P	Jake Owen	Eight Second Ride	Country
AL	Los Angeles Angels	Sean Burnett	P	Whitesnake	Here I Go Again	Rock
AL	Los Angeles Angels	Tommy Hanson	P	Ted Nugent	Stranglehold	Rock
AL	Seattle Mariners	Aaron Harang	P	Red Hot Chili Peppers	Can't Stop	Rock
AL	Seattle Mariners	Alex Liddi	3B	Don Miguelo	7 Locas - Original Dembow Version	Latin
AL	Seattle Mariners	Brendan Ryan	SS	Kavinsky	Nightcall	Electronic
AL	Seattle Mariners	Dustin Ackley	2B	Lynyrd Skynyrd	Simple Man	Rock
AL	Seattle Mariners	Endy Chavez	LF	Don Miguelo	7 Locas - Original Dembow Version	Latin
AL	Seattle Mariners	Eric Thames	LF	Killswitch Engage	Holy Diver	Rock
AL	Seattle Mariners	Eric Thames	LF	Skrillex	Bangarang - feat. Sirah	Dance
AL	Seattle Mariners	Franklin Gutierrez	CF	Daddy Yankee	Limbo Remix (feat. Wisin Y Yandel)	Reggaeton y Hip-Hop
AL	Seattle Mariners	Jason Bay	LF	Pearl Jam	State Of Love And Trust	Alternative
AL	Seattle Mariners	Jesus Montero	C	Jay Z, Kanye West	Ni**as In Paris	Hip Hop/Rap
AL	Seattle Mariners	Jesus Montero	C	Kanye West	Jesus Walks	Hip Hop/Rap
AL	Seattle Mariners	Joe Saunders	P	Disturbed	Stricken	Rock
AL	Seattle Mariners	Joe Saunders	P	The Scale Breakers	Small Town Talent Remix	Hip Hop/Rap
AL	Seattle Mariners	Justin Smoak	1B	Eric Church	Homeboy	Country
AL	Seattle Mariners	Kelly Shoppach	C	Jason Aldean	She's Country	Country
AL	Seattle Mariners	Kendrys Morales	1B	Jimi Hendrix	All Along The Watchtower	Rock
AL	Seattle Mariners	Kendrys Morales	1B	Los Van Van	Permiso Que Llego Van Van	Salsa y Tropical
AL	Seattle Mariners	Kyle Seager	3B	Rascal Flatts	Life is a Highway	Soundtrack
AL	Seattle Mariners	Michael Morse	LF	a-ha	Take On Me	Pop
AL	Seattle Mariners	Michael Saunders	RF	The Notorious B.I.G.	Hypnotize - Explicit Album Version	Hip Hop/Rap
AL	Seattle Mariners	Raul Ibanez	LF	Switchfoot	Afterlife	Rock
AL	Seattle Mariners	Raul Ibanez	LF	Pearl Jam	Alive	Alternative
AL	Seattle Mariners	Robert Andino	2B	Ace Hood	Go N' Get It	Hip Hop/Rap
AL	Seattle Mariners	Tom Wilhelmsen	P	Young Jeezy	Voodoo Child (Slight Return)	
AL	New York Yankees	Alex Rodriguez	3B	Pitbull, Chris Brown	International Love	Pop
AL	New York Yankees	Andy Pettitte	P	Don Henley	The Boys Of Summer	Rock
AL	New York Yankees	Bobby Wilson	C	Hurricane Chris	Halle Berry (She's Fine) featuring Superstarr	
AL	New York Yankees	Boone Logan	P	Hollywood Undead	Hear Me Now	Rock
AL	New York Yankees	Brennan Boesch	RF	Drake, Birdman	We'll Be Fine	Hip Hop/Rap
AL	New York Yankees	Brennan Boesch	RF	AWOLNATION	Sail	Alternative
AL	New York Yankees	Brett Gardner	CF	Jason Aldean	Dirt Road Anthem	Country
AL	New York Yankees	CC Sabathia	P	The Notorious B.I.G.	Big Poppa	R&B/Soul
AL	New York Yankees	Curtis Granderson	CF	Busta Rhymes	Put Your Hands Where My Eyes Could See - Explicit LP Version	Hip Hop/Rap
AL	New York Yankees	Curtis Granderson	CF	Busta Rhymes	Break Ya Neck	Hip Hop/Rap
AL	New York Yankees	David Aardsma	P	Saliva	Ladies and Gentlemen	
AL	New York Yankees	David Robertson	P	Lynyrd Skynyrd	Sweet Home Alabama	Rock
AL	New York Yankees	Derek Jeter	SS	Jay Z	Otis	Hip Hop/Rap
AL	New York Yankees	Eduardo Nunez	SS	Secreto El Famoso Biberon	Pa Que Me Mate El Dolor - Secreto El Famoso Biberon	
AL	New York Yankees	Ichiro Suzuki	RF	LMFAO, Lauren Bennett	Party Rock Anthem	Pop
AL	New York Yankees	Joba Chamberlain	P	Mötley Crüe	Shout At The Devil	Rock
AL	New York Yankees	Kevin Youkilis	3B	Biz Markie	Just A Friend	Hip Hop/Rap
AL	New York Yankees	Kevin Youkilis	3B	Candlebox	You	Pop
AL	New York Yankees	Lyle Overbay	1B	Limp Bizkit	Take A Look Around	Rock
AL	New York Yankees	Mariano Rivera	P	Metallica	Enter Sandman	Rock
AL	New York Yankees	Mark Teixeira	1B	Twisted Sister	I Wanna Rock	Rock
AL	New York Yankees	Robinson Cano	2B	Tyga	Rack City	Hip Hop/Rap
AL	New York Yankees	Travis Hafner	DH	Motörhead	The Game	Soundtrack
AL	New York Yankees	Vernon Wells	LF	Dr. Dre, Eminem	Forgot About Dre	Hip Hop/Rap
AL	New York Yankees	Vernon Wells	LF	Cali Swag District	Teach Me How to Dougie	Hip Hop/Rap
AL	Detroit Tigers	Alex Avila	C	The Black Keys	I Got Mine	Alternative
AL	Detroit Tigers	Andy Dirks	LF	Gary Allan	Get Off On The Pain	Country
AL	Detroit Tigers	Anibal Sanchez	P	Don Omar	Vivos Y Activos	Reggaeton y Hip-Hop
AL	Detroit Tigers	Austin Jackson	CF	Young Jeezy, Lil Wayne	Ballin'	Hip Hop/Rap
AL	Detroit Tigers	Austin Jackson	CF	Wale	Ambition - feat. Meek Mill & Rick Ross	Hip Hop/Rap
AL	Detroit Tigers	Brayan Pena	C	Robin Thicke, T.I.	Blurred Lines	Pop
AL	Detroit Tigers	Bryan Holaday	C	Imagine Dragons	Radioactive	Alternative
AL	Detroit Tigers	Danny Worth	2B	Pearl Jam	Breakerfall	Alternative
AL	Detroit Tigers	Darin Downs	P	Trip Lee	I'm Good	Hip Hop/Rap
AL	Detroit Tigers	Don Kelly	LF	Kings Of Leon	Use Somebody	Alternative
AL	Detroit Tigers	Jhonny Peralta	SS	Alexis & Fido	EnergÃ­a	Reggaeton y Hip-Hop
AL	Detroit Tigers	Jhonny Peralta	SS	Don Omar, Lucenzo	Danza Kuduro	Reggaeton y Hip-Hop
AL	Detroit Tigers	Jose Valverde	P	Metallica	The End Of The Line	Rock
AL	Detroit Tigers	Justin Verlander	P	Eminem, Nate Dogg	'Till I Collapse	Hip Hop/Rap
AL	Detroit Tigers	Max Scherzer	P	T.I.	That's All She Wrote - feat. Eminem	Hip Hop/Rap
AL	Detroit Tigers	Miguel Cabrera	3B	Jay Z, Kanye West	Ni**as In Paris	Hip Hop/Rap
AL	Detroit Tigers	Omar Infante	2B	El Shick	Prendelo	Latin
AL	Detroit Tigers	Phil Coke	P	Nickelback	Burn It To The Ground	Rock
AL	Detroit Tigers	Prince Fielder	1B	Art Of Noise	Moments in Love	Electronic
AL	Detroit Tigers	Prince Fielder	1B	C-Murder	Down For My Niggaz - feat. Snoop Dogg and Magic	Hip Hop/Rap
AL	Detroit Tigers	Prince Fielder	1B	Wolfgang Amadeus Mozart	Requiem: Lacrimosa	Classical
AL	Detroit Tigers	Quintin Berry	LF	The Notorious B.I.G.	Hypnotize - Explicit Album Version	Hip Hop/Rap
AL	Detroit Tigers	Ramon Santiago	2B	Pitbull	Bon, Bon	Pop Latino
AL	Detroit Tigers	Rick Porcello	P	Curtis Stigers & The Forest Rangers	This Life	Soundtrack
AL	Detroit Tigers	Torii Hunter	RF	Young Jeezy, Akon	Soul Survivor	Hip Hop/Rap
AL	Detroit Tigers	Torii Hunter	RF	Rick Ross	Luxury Tax	Hip Hop/Rap
AL	Detroit Tigers	Victor Martinez	DH	Nas	I Can	Pop
AL	Houston Astros	Brett Wallace	1B	T.I.	Pledge Allegiance (feat. Rick Ross)	Hip Hop/Rap
AL	Houston Astros	Carlos Pena	1B	Qwote feat. Pitbull & Lucenzo	Throw Your Hands Up - Radio Edit	Dance
AL	Houston Astros	Erik Bedard	P	OK Go	Get Over It	Alternative
AL	Houston Astros	Jason Castro	C	AC/DC	Back in Black	Rock
AL	Houston Astros	JD Martinez	LF	The Black Eyed Peas	Boom Boom Pow	Pop
AL	Houston Astros	Jose Altuve	2B	Chino & Nacho, Baroni	Lo Que No Sabes Tu	Reggaeton y Hip-Hop
AL	Houston Astros	Justin Maxwell	CF	Rick Ross	Hustlin'	Hip Hop/Rap
AL	Houston Astros	Matt Dominguez	3B	Eddy Grant	Electric Avenue	Reggae
AL	Houston Astros	Rick Ankiel	RF	Ram Jam	Black Betty	Rock
AL	Baltimore Orioles	Adam Jones	CF	Jay Z	Who Gon Stop Me	Hip Hop/Rap
AL	Baltimore Orioles	Adam Jones	CF	Friday/Dr. Dre	Keep Their Heads Ringing	Hip Hop/Rap
AL	Baltimore Orioles	Adam Jones	CF	2Pac, Roger Troutman	California Love - Original Version (Explicit)	Hip Hop/Rap
AL	Baltimore Orioles	Alexi Casilla	2B	Plan B	Si No Le Contesto Feat Tony Dize, Zion & Lennox	Reggaeton y Hip-Hop
AL	Baltimore Orioles	Brian Matusz	P	Jimi Hendrix	Voodoo Child	Rock
AL	Baltimore Orioles	Chris Tillman	P	Brantley Gilbert	Kick It In The Sticks	Country
AL	Baltimore Orioles	Chris Davis	1B	Thousand Foot Krutch	I Get Wicked	Rock
AL	Baltimore Orioles	Daniel Schlereth	P	Pantera	Where You Come From - Remastered LP Version	Heavy Metal
AL	Baltimore Orioles	Jair Jurrjens	P	DJ Khaled	Out Here Grindin' feat. Akon, Lil Boosie, Plies, Ace Hood, Trick Daddy, Rick Ross	Hip Hop/Rap
AL	Baltimore Orioles	Jake Arrieta	P	Five Finger Death Punch	Bad Company	Rock
AL	Baltimore Orioles	Jason Hammel	P	Silversun Pickups	Panic Switch	Alternative
AL	Baltimore Orioles	Jim Johnson	P	Foo Fighters	The Pretender	Alternative
AL	Baltimore Orioles	JJ Hardy	SS	Moby	Flower	Electronic
AL	Baltimore Orioles	Manny Machado	3B	Jay Z	Otis	Hip Hop/Rap
AL	Baltimore Orioles	Matt Wieters	C	Jake Owen	Barefoot Blue Jean Night	Country
AL	Baltimore Orioles	Nate Mclouth	LF	Staind	For You	Rock
AL	Baltimore Orioles	Nate Mclouth	LF	Mr. Mister	Kyrie	Pop
AL	Baltimore Orioles	Nick Markakis	RF	Bubba Sparxxx	Deliverance	Hip Hop/Rap
AL	Baltimore Orioles	Pedro Strop	P	Secreto "El Famoso Biberon"	Ponte Tu Chaleco	
AL	Baltimore Orioles	Ryan Flaherty	2B	Dropkick Murphys	The Wild Rover	Rock
AL	Baltimore Orioles	Taylor Teagarden	C	OutKast	ATLiens	Hip Hop/Rap
AL	Baltimore Orioles	Tommy Hunter	P	Montgomery Gentry	Where I Come From	Country
AL	Baltimore Orioles	Travis Ishikawa	1B	TobyMac	Ignition	Christian & Gospel
AL	Baltimore Orioles	Trayvon Robinson	LF	Wale	Ambition - feat. Meek Mill & Rick Ross	Hip Hop/Rap
AL	Baltimore Orioles	Troy Patton	P	Ghostland Observatory	Glitter	Electronic
AL	Baltimore Orioles	Wei-Yin Chen	P	Nelly	Just A Dream - Main	Hip Hop/Rap
AL	Baltimore Orioles	Wilson Betemit	3B	El Batallon	Te Pue Cuida	Reggaeton y Hip-Hop
AL	Baltimore Orioles	Zach Britton	P	The Continuums	Closure	Alternative
AL	Toronto Blue Jays	Adam Lind	1B	Erick Sermon	React feat. Redman	Soundtrack
AL	Toronto Blue Jays	Anthony Gose	RF	Montell Jordan	This Is How We Do It	R&B/Soul
AL	Toronto Blue Jays	Brett Lawrie	3B	Flo Rida	Good Feeling	Hip Hop/Rap
AL	Toronto Blue Jays	Colby Rasmus	CF	Yelawolf, Bun B	Good To Go	Hip Hop/Rap
AL	Toronto Blue Jays	Colby Rasmus	CF	Blake Shelton	Boys 'Round Here - feat. Pistol Annies & Friends	Country
AL	Toronto Blue Jays	Darren Oliver	P	The Jacksons	Working Day And Night - Live	Pop
AL	Toronto Blue Jays	David Cooper	1B	Red Hot Chili Peppers	Can't Stop	Rock
AL	Toronto Blue Jays	Emilio Bonifacio	2B	Secreto "El Famoso Biberon"	Yo Voy Pa Lante	Hip Hop/Rap
AL	Toronto Blue Jays	Jose Bautista	RF	Flo Rida	Good Feeling	Hip Hop/Rap
AL	Toronto Blue Jays	Jose Bautista	RF	Usher	OMG featuring will.i.am	Karaoke
AL	Toronto Blue Jays	Jose Reyes	SS	Drake	Started From the Bottom	Hip Hop/Rap
AL	Toronto Blue Jays	Josh Thole	C	Psy	Gangnam Style (강남스타일)	Pop
AL	Toronto Blue Jays	Josh Johnson	P	Disturbed	Down With The Sickness	Rock
AL	Toronto Blue Jays	JP Arencibia	C	Audioslave	Cochise	Alternative
AL	Toronto Blue Jays	Lars Anderson	1B	Passion Pit	Little Secrets	Alternative
AL	Toronto Blue Jays	Maicer Izturis	3B	Marc Anthony	Aguanile	Salsa y Tropical
AL	Toronto Blue Jays	Mark Derosa	3B	Bubba Sparxxx	Deliverance	Hip Hop/Rap
AL	Toronto Blue Jays	Melky Cabrera	LF	Sensato Pitbull Sak Noel	Crazy People (EXPLICIT)	Pop
AL	Toronto Blue Jays	Munenori Kawasaki	SS	Flo Rida	Good Feeling	Hip Hop/Rap
AL	Toronto Blue Jays	RA Dickey	P	Game of Thrones Orchestra	Game of Thrones Theme (King's Landing Version)	Soundtrack
AL	Toronto Blue Jays	Rajai Davis	RF	Kirk Franklin	Jesus	Christian & Gospel
AL	Toronto Blue Jays	Ricky Romero	P	Drake	Headlines - Explicit Version	Hip Hop/Rap
AL	Oakland Athletics	Adam Rosales	2B	Dave Matthews Band	Ants Marching	Rock
AL	Oakland Athletics	Andy Parrino	SS	Skrillex	Kyoto - feat. Sirah	Dance
AL	Oakland Athletics	Brandon Moss	1B	Eric Church	Homeboy	Country
AL	Oakland Athletics	Brett Anderson	P	Adestria	1984	Heavy Metal
AL	Oakland Athletics	Coco Crisp	CF	Flux Pavilion	I Can't Stop	Dance
AL	Oakland Athletics	Daric Barton	1B	Avenged Sevenfold	Welcome To The Family	Rock
AL	Oakland Athletics	Daric Barton	1B	Wrestling Heroes	Voices (Made Famous by Rev Theory)	Rock
AL	Oakland Athletics	Derek Norris	C	Marilyn Manson	The Beautiful People	Rock
AL	Oakland Athletics	Eric Sogard	2B	Guns N' Roses	Welcome To The Jungle	Rock
AL	Oakland Athletics	Evan Scribner	P	Korn	Blind	Rock
AL	Oakland Athletics	Grant Balfour	P	Metallica	One	Rock
AL	Oakland Athletics	Jarrod Parker	P	Linkin Park	Hit The Floor	Alternative
AL	Oakland Athletics	Jed Lowrie	SS	Gorillaz	Stylo (Album Version) [feat. Mos Def and Bobby Womack]	
AL	Oakland Athletics	Jemile Weeks	2B	Young Jeezy	Everythang	Hip Hop/Rap
AL	Oakland Athletics	Jerry Blevins	P	The Rolling Stones	Sympathy For The Devil - (Original Single Mono Version)	Rock
AL	Oakland Athletics	John Jaso	C	Van Morrison	Moondance	Rock
AL	Oakland Athletics	Josh Donaldson	3B	V.I.C	Wobble Baby	Children's Music
AL	Oakland Athletics	Josh Reddick	RF	Motörhead	The Game	Soundtrack
AL	Oakland Athletics	Pat Neshek	P	Rusty Nail	Yadier Molina	Rock
AL	Oakland Athletics	Ryan Cook	P	Breaking Benjamin	So Cold	Rock
AL	Oakland Athletics	Sean Doolittle	P	Metallica	For Whom The Bell Tolls	Rock
AL	Oakland Athletics	Steven Hill	C	Chris Cagle	Got My Country On	Country
AL	Oakland Athletics	Yoenis Cespedes	CF	Gente De Zona	El Animal	Reggaeton y Hip-Hop
AL	Cleveland Indians	Asdrubal Cabrera	SS	Fuego	Super Estrella	Reggaeton y Hip-Hop
AL	Cleveland Indians	Asdrubal Cabrera	SS	Daddy Yankee	Limbo	Reggaeton y Hip-Hop
AL	Cleveland Indians	Brett Myers	P	Five Finger Death Punch	The Bleeding	Rock
AL	Cleveland Indians	Brett Myers	P	Colt Ford, Jj Lawhorn	Answer to No One (feat. JJ Lawhorn)	Country
AL	Cleveland Indians	Bryan Shaw	P	Fort Minor (Featuring Styles Of Beyond)	Remember The Name	Hip Hop/Rap
AL	Cleveland Indians	Bryan Shaw	P	AWOLNATION	Sail	Alternative
AL	Cleveland Indians	Carlos Carrasco	P	Metallica	Enter Sandman	Rock
AL	Cleveland Indians	Carlos Santana	C	Gabriel Cazali	Solo Sucede - Original Mix	Electronic
AL	Cleveland Indians	Chris Perez	P	The Prodigy	Firestarter	Electronic
AL	Cleveland Indians	Cord Phelps	2B	AC/DC Tribute Band	It'S A Long Way To The Top (If You Wanna Rock 'N' Roll)	Rock
AL	Cleveland Indians	Drew Stubbs	RF	Jason Aldean	Tattoos On This Town	Country
AL	Cleveland Indians	Drew Stubbs	RF	Skrillex, The Doors	Breakn' A Sweat	Dance
AL	Cleveland Indians	Drew Stubbs	RF	Calvin Harris, Florence Welch	Sweet Nothing	Dance
AL	Cleveland Indians	Jason Kipnis	2B	Guns N' Roses	Welcome To The Jungle	Rock
AL	Cleveland Indians	Jason Kipnis	2B	Benny Benassi presents The Biz	Satisfaction - RL Grime Remix	Dance
AL	Cleveland Indians	Joe Smith	P	Jason Aldean	My Kinda Party	Country
AL	Cleveland Indians	Josh Tomlin	P	Jason Aldean	I Use What I Got	Country
AL	Cleveland Indians	Justin Masterson	P	Skillet	Rebirthing	Rock
AL	Cleveland Indians	Lonnie Chisenhall	3B	Ozzy Osbourne	Crazy Train	Rock
AL	Cleveland Indians	Lou Marson	C	311	All Mixed Up	Rock
AL	Cleveland Indians	Lou Marson	C	Sublime	What I Got	Alternative
AL	Cleveland Indians	Mark Reynolds	1B	Aaron Lewis	Country Boy (feat. George Jones & Charlie Daniels)	Country
AL	Cleveland Indians	Mark Reynolds	1B	Florida Georgia Line	Cruise	Pop
AL	Cleveland Indians	Matt Albers	P	Rage Against The Machine	Sleep Now In The Fire	Alternative
AL	Cleveland Indians	Michael Bourn	CF	Slim Thug	I Run	Hip Hop/Rap
AL	Cleveland Indians	Michael Bourn	CF	B.o.B	We Still In This Bitch - feat. T.I. and Juicy J	Hip Hop/Rap
AL	Cleveland Indians	Michael Brantley	LF	Young Jeezy	Hustlaz Ambition	Hip Hop/Rap
AL	Cleveland Indians	Michael Brantley	LF	Drake	Started From the Bottom	Hip Hop/Rap
AL	Cleveland Indians	Mike Aviles	SS	Far East Movement	Rocketeer	Pop
AL	Cleveland Indians	Mike Aviles	SS	Tyga, Jadakiss	Hit'em Up	Hip Hop/Rap
AL	Cleveland Indians	Nick Hagadone	P	Disturbed	The Night	Rock
AL	Cleveland Indians	Nick Swisher	1B	Outasight	Tonight Is The Night	Pop
AL	Cleveland Indians	Nick Swisher	1B	Snoop Doggy Dogg	Who Am I (What's My Name)?	Hip Hop/Rap
AL	Cleveland Indians	Ryan Raburn	RF	Jason Aldean	She's Country	Country
AL	Cleveland Indians	Ryan Raburn	RF	Rhett Akins	Kiss My Country Ass	Country
AL	Cleveland Indians	Ubaldo Jimenez	P	Celia Cruz	Rie Y Llora	Salsa y Tropical
AL	Cleveland Indians	Vinnie Pestano	P	Danny Elfman, Deborah Lurie	Welcome Home - Coheed And Cambria	
AL	Cleveland Indians	Vinnie Pestano	P	Pantera	Walk	Heavy Metal
AL	Cleveland Indians	Yan Gomes	3B	Michel Teló	Ai Se Eu Te Pego - Live	Brazilian
NL	Chicago Cubs	Anthony Rizzo	1B	Red Hot Chili Peppers	Can't Stop	Rock
NL	Chicago Cubs	Brian Bogusevic	RF	A Perfect Circle	When The Levee Breaks	Rock
NL	Chicago Cubs	Cody Ransom	3B	Drake, Birdman	We'll Be Fine	Hip Hop/Rap
NL	Chicago Cubs	Dioner Navarro	C	Pitbull, Lil Jon	The Anthem	Hip Hop/Rap
NL	Chicago Cubs	Edwin Jackson	P	Young Jeezy	Waiting	Hip Hop/Rap
NL	Chicago Cubs	JC Boscan	C	Don Omar, Lucenzo	Danza Kuduro	Reggaeton y Hip-Hop
NL	Chicago Cubs	Kevin Gregg	P	Hank Williams, Jr.	A Country Boy Can Survive	Country
NL	Chicago Cubs	Nate Schierholtz	RF	Godsmack	War And Peace	Rock
NL	Chicago Cubs	Ryan Sweeney	RF	Waka Flocka Flame	No Hands [feat. Roscoe Dash and Wale] - Explicit Album Version	Hip Hop/Rap
NL	Philadelphia Phillies	Ben Revere	CF	Young Jeezy	Who Dat	Hip Hop/Rap
NL	Philadelphia Phillies	Ben Revere	CF	Driicky Graham	Snap Backs & Tattoos	Hip Hop/Rap
NL	Philadelphia Phillies	Carlos Ruiz	C	Phil Collins	In The Air Tonight	Pop
NL	Philadelphia Phillies	Chad Durbin	P	The Black Keys	Gold On The Ceiling	Alternative
NL	Philadelphia Phillies	Chase Utley	2B	Led Zepagain	Kashmir	Rock
NL	Philadelphia Phillies	Cliff Lee	P	Ted Nugent	Stranglehold	Rock
NL	Philadelphia Phillies	Cole Hamels	P	AWOLNATION	Sail	Alternative
NL	Philadelphia Phillies	Domonic Brown	LF	2 Chainz	I'm Different	Hip Hop/Rap
NL	Philadelphia Phillies	Erik Kratz	C	Skillet	Collide	Rock
NL	Philadelphia Phillies	Jimmy Rollins	SS	Scarface	On My Block	Hip Hop/Rap
NL	Philadelphia Phillies	John Mayberry	RF	Ca$h Out	Cashin' Out	Hip Hop/Rap
NL	Philadelphia Phillies	John Lannan	P	Deftones	My Own Summer [Shove It]	Alternative
NL	Philadelphia Phillies	Jonathan Papelbon	P	Metallica	For Whom The Bell Tolls	Rock
NL	Philadelphia Phillies	Kevin Frandsen	3B	Red Hot Chili Peppers	Snow [Hey Oh]	Alternative
NL	Philadelphia Phillies	Kyle Kendrick	P	Rob Zombie	Dragula	Rock
NL	Philadelphia Phillies	Laynce Nix	RF	Jay Z, Kanye West	Gotta Have It	Hip Hop/Rap
NL	Philadelphia Phillies	Michael Young	3B	JAY-Z	Heart Of The City (Ain't No Love)	Hip Hop/Rap
NL	Philadelphia Phillies	Mike Adams	P	DMX	Intro	Hip Hop/Rap
NL	Philadelphia Phillies	Roy Halladay	P	Led Zepagain	Good Times Bad Times	Rock
NL	Philadelphia Phillies	Ryan Howard	1B	Ludacris	Jingalin	Hip Hop/Rap
NL	Philadelphia Phillies	Ryan Howard	1B	Driicky Graham	Snap Backs & Tattoos	Hip Hop/Rap
NL	San Francisco Giants	Andres Torres	LF	Yolanda Be Cool & DCUP	We No Speak Americano - Original	Dance
NL	San Francisco Giants	Angel Pagan	CF	Gemini	Blue	Dance
NL	San Francisco Giants	Barry Zito	P	Nas	Doo Rags - Clean Version	Hip Hop/Rap
NL	San Francisco Giants	Brandon Crawford	SS	Royce Da 5'9", Eminem	Writer's Block (feat. Eminem)	Hip Hop/Rap
NL	San Francisco Giants	Brett Pill	1B	Pantera	I'm Broken - Remastered LP Version	Heavy Metal
NL	San Francisco Giants	Buster Posey	C	De La Soul	Me, Myself & I	Soundtrack
NL	San Francisco Giants	George Kontos	P	Eminem, Nate Dogg	'Till I Collapse	Hip Hop/Rap
NL	San Francisco Giants	Gregor Blanco	LF	Damian "Jr. Gong" Marley, Jack Johnson	Welcome To Jamrock - Live	Rock
NL	San Francisco Giants	Hector Sanchez	C	Daddy Yankee	Corazones - Live	Reggaeton y Hip-Hop
NL	San Francisco Giants	Hunter Pence	RF	Volbeat	A Warrior's Call	Heavy Metal
NL	San Francisco Giants	Hunter Pence	RF	Skrillex, The Doors	Breakn' A Sweat	Dance
NL	San Francisco Giants	Javier Lopez	P	Zion I, K. Flay	Coastin' - Clean	Hip Hop/Rap
NL	San Francisco Giants	Jeremy Affeldt	P	Pillar	Fireproof	Rock
NL	San Francisco Giants	Joaquin Arias	SS	IamSu	Goin' Up (feat. Wiz Khalifa)	Hip Hop/Rap
NL	San Francisco Giants	Jose Mijares	P	Daddy Yankee	Lovumba	Reggaeton y Hip-Hop
NL	San Francisco Giants	Madison Bumgarner	P	Five Finger Death Punch	Bad Company	Rock
NL	San Francisco Giants	Marco Scutaro	2B	Don Omar, Lucenzo	Danza Kuduro	Reggaeton y Hip-Hop
NL	San Francisco Giants	Pablo Sandoval	3B	Drake, Lil Wayne	The Motto	Hip Hop/Rap
NL	San Francisco Giants	Ryan Vogelsong	P	Alter Bridge	Metalingus	Rock
NL	San Francisco Giants	Sergio Romo	P	Banda Sinaloense MS de Sergio LizÃ¡rraga	El MechÃ³n	
NL	San Francisco Giants	Tim Lincecum	P	Mac Miller	Loud	Hip Hop/Rap
NL	Washington Nationals	Adam Laroche	1B	Jason Aldean	My Kinda Party	Country
NL	Washington Nationals	Adam Laroche	1B	Jason Aldean	Tattoos On This Town	Country
NL	Washington Nationals	Adam Laroche	1B	Steve Earle	Copperhead Road	Country
NL	Washington Nationals	Anthony Rendon	3B	Dr. Dre, Snoop Dogg	Still D.R.E.	Hip Hop/Rap
NL	Washington Nationals	Bill Bray	P	AC/DC	Dirty Deeds Done Dirt Cheap	Rock
NL	Washington Nationals	Bryce Harper	LF	Justin Bieber	Boyfriend	Pop
NL	Washington Nationals	Bryce Harper	LF	Bassnectar	Vava Voom	Electronic
NL	Washington Nationals	Bryce Harper	LF	Moby	Flower	Electronic
NL	Washington Nationals	Carlos Maldonado	C	Bubba Sparxxx	Deliverance	Hip Hop/Rap
NL	Washington Nationals	Chad Tracy	1B	Eric Church	Homeboy	Country
NL	Washington Nationals	Craig Stammen	P	Survivor	Eye Of The Tiger	Rock
NL	Washington Nationals	Danny Espinosa	2B	Alex Clare	Too Close	Alternative
NL	Washington Nationals	Denard Span	CF	Waka Flocka Flame	Round Of Applause - feat. Drake	Hip Hop/Rap
NL	Washington Nationals	Drew Storen	P	Five Finger Death Punch	Bad Company	Rock
NL	Washington Nationals	Gio Gonzalez	P	Meek Mill	Ima Boss - feat. Rick Ross	Hip Hop/Rap
NL	Washington Nationals	Henry Rodriguez	P	Ã‘ejo Y Dalmata	Senda Maniatica Feat. Tony Dize	
NL	Washington Nationals	Ian Desmond	SS	Tedashii	Can't Get With You	Hip Hop/Rap
NL	Washington Nationals	Jayson Werth	RF	Dave Matthews Band	Warehouse	Rock
NL	Washington Nationals	Jordan Zimmermann	P	Brantley Gilbert	Hell On Wheels	Country
NL	Washington Nationals	Kurt Suzuki	C	Bob Marley	Small Axe	Reggae
NL	Washington Nationals	Kurt Suzuki	C	Bob Marley & The Wailers	Jammin'	Reggae
NL	Washington Nationals	Mike Costanzo	1B	Flo Rida	Good Feeling	Hip Hop/Rap
NL	Washington Nationals	Roger Bernadina	LF	Fabolous, Jeremih	My Time	Hip Hop/Rap
NL	Washington Nationals	Roger Bernadina	LF	Timbaland, Pitbull	Pass At Me	Pop
NL	Washington Nationals	Ross Detwiler	P	Craving Lucy	Therapy	Rock
NL	Washington Nationals	Ryan Mattheus	P	Katy Perry	Firework	Pop
NL	Washington Nationals	Ryan Zimmerman	3B	B.o.B	So Good	Hip Hop/Rap
NL	Washington Nationals	Scott Hairston	LF	Common	Blue Sky	Hip Hop/Rap
NL	Washington Nationals	Stephen Strasburg	P	The White Stripes	Seven Nation Army	Alternative
NL	Washington Nationals	Steve Lombardozzi	2B	Gotye	Somebody That I Used To Know	Alternative
NL	Washington Nationals	Tyler Clippard	P	Fugees	Ready Or Not	R&B/Soul
NL	Washington Nationals	Tyler Moore	LF	Jason Aldean	Take A Little Ride	Country
NL	Washington Nationals	Will Ohman	P	The Rolling Stones	Gimme Shelter	Rock
NL	Washington Nationals	Wilson Ramos	C	Pitbull	Bon, Bon	Pop Latino
NL	Washington Nationals	Wilson Ramos	C	Funky	Los Vencedores - Video Version	Reggaeton y Hip-Hop
NL	Los Angeles Dodgers	Adrian Gonzalez	1B	Pitbull	Get Up/Levantate	Hip Hop/Rap
NL	Los Angeles Dodgers	Adrian Gonzalez	1B	Daddy Yankee	Grito Mundial	Reggaeton y Hip-Hop
NL	Los Angeles Dodgers	AJ Ellis	C	The Killers	Jenny Was A Friend Of Mine	Alternative
NL	Los Angeles Dodgers	AJ Ellis	C	Foo Fighters	Walk	Rock
NL	Los Angeles Dodgers	Alex Castellanos	LF	Kings Of Leon	Crawl	Alternative
NL	Los Angeles Dodgers	Andre Ethier	RF	Snoop Doggy Dogg	Who Am I (What's My Name)?	Hip Hop/Rap
NL	Los Angeles Dodgers	Carl Crawford	LF	Young Jeezy, Lil Wayne	Ballin'	Hip Hop/Rap
NL	Los Angeles Dodgers	Carl Crawford	LF	French Montana	Ain't Worried About Nothin	Hip Hop/Rap
NL	Los Angeles Dodgers	Clayton Kershaw	P	OneRepublic	All The Right Moves	Pop
NL	Los Angeles Dodgers	Clayton Kershaw	P	Rej3ctz	Cat Daddy	Hip Hop/Rap
NL	Los Angeles Dodgers	Dee Gordon	SS	French Montana	Shot Caller	Hip Hop/Rap
NL	Los Angeles Dodgers	Hanley Ramirez	SS	Molasses, Molasses	Bandz A Make Her Dance	Hip Hop/Rap
NL	Los Angeles Dodgers	Hanley Ramirez	SS	Clyde Carson	Slow Down	Hip Hop/Rap
NL	Los Angeles Dodgers	Javy Guerra	P	Cypress Hill	Insane In The Brain - Explicit Album Version	Hip Hop/Rap
NL	Los Angeles Dodgers	Jesus Flores	C	The Outfield	Your Love	Rock
NL	Los Angeles Dodgers	Josh Beckett	P	Jason Aldean	My Kinda Party	Country
NL	Los Angeles Dodgers	Juan Uribe	3B	El Negro 5 Estrellas	Plomo Plomo	Latin
NL	Los Angeles Dodgers	Justin Sellers	SS	Young Jeezy, Lil Wayne	Ballin'	Hip Hop/Rap
NL	Los Angeles Dodgers	Kenley Jansen	P	Snoop Dogg, Jay Z	I Wanna Rock (The Kings G-Mix feat. Jay Z)	Pop
NL	Los Angeles Dodgers	Luis Cruz	3B	El Trono de Mexico	Arriba Pichataro	Regional Mexicano
NL	Los Angeles Dodgers	Mark Ellis	2B	The Script, will.i.am	Hall of Fame	Pop
NL	Los Angeles Dodgers	Matt Kemp	CF	Tity Boi Aka 2 Chainz	Spend It	Hip Hop/Rap
NL	Los Angeles Dodgers	Matt Kemp	CF	French Montana	Pop That - Explicit Version	Hip Hop/Rap
NL	Los Angeles Dodgers	Matt Kemp	CF	DJ Khaled, Kanye West	I Wish You Would - Explicit Version	Hip Hop/Rap
NL	Los Angeles Dodgers	Nick Punto	3B	Phil Collins	In The Air Tonight	Pop
NL	Los Angeles Dodgers	Nick Punto	3B	Baha Men	Who Let The Dogs Out	Pop
NL	Los Angeles Dodgers	Nick Punto	3B	Miley Cyrus	We Can't Stop	Pop
NL	Los Angeles Dodgers	Ramon Hernandez	C	Oscar D'LeÃ³n	Ven Morena	
NL	Los Angeles Dodgers	Scott Van Slyke	RF	Led Zeppelin	When the Levee Breaks	Rock
NL	Los Angeles Dodgers	Skip Schumaker	2B	Jason Aldean	Tattoos On This Town	Country
NL	Los Angeles Dodgers	Skip Schumaker	2B	Jason Aldean	Take A Little Ride	Country
NL	Los Angeles Dodgers	Zack Greinke	P	Green Day	Boulevard Of Broken Dreams - Live	Soundtrack
NL	Cincinnati Reds	Alfredo Simon	P	Don Omar	Dile	Latin
NL	Cincinnati Reds	Aroldis Chapman	P	Victor Manuelle	La Vida Es Un Carnaval - Live Carnegie Version	Salsa y Tropical
NL	Cincinnati Reds	Brandon Phillips	2B	Young Jeezy	Everythang	Hip Hop/Rap
NL	Cincinnati Reds	Brandon Phillips	2B	Kanye West, Big Sean	Mercy	Hip Hop/Rap
NL	Cincinnati Reds	Bronson Arroyo	P	Shinedown	45	Rock
NL	Cincinnati Reds	Bronson Arroyo	P	Red Hot Chili Peppers	Can't Stop	Rock
NL	Cincinnati Reds	Clay Hensley	P	Iron Horse	Wherever I May Roam	
NL	Cincinnati Reds	Devin Mesoraco	C	Jon Bon Jovi	Blaze Of Glory	Rock
NL	Cincinnati Reds	Emmanuel Burriss	2B	LoveRance, 50 Cent	UP! - Explicit Version	Hip Hop/Rap
NL	Cincinnati Reds	Homer Bailey	P	Ted Nugent	Fred Bear	Rock
NL	Cincinnati Reds	Jack Hannahan	3B	The Black Eyed Peas	Just Can't Get Enough	Pop
NL	Cincinnati Reds	Jason Donald	SS	Third Day	Get On	Christian & Gospel
NL	Cincinnati Reds	Jay Bruce	RF	Sammy Adams	Blow Up	Pop
NL	Cincinnati Reds	Jay Bruce	RF	Timeflies	Everything I Do	Pop
NL	Cincinnati Reds	Joey Votto	1B	The Rolling Stones	Paint It Black	Rock
NL	Cincinnati Reds	Johnny Cueto	P	Macklemore & Ryan Lewis	Thrift Shop - feat. Wanz	Hip Hop/Rap
NL	Cincinnati Reds	Jonathan Broxton	P	Black Sabbath	Iron Man	Rock
NL	Cincinnati Reds	Jose Arredondo	P	Monkey Black	Tengo To	Hip Hop/Rap
NL	Cincinnati Reds	Kristopher Negron	CF	Ca$h Out	Cashin' Out	Hip Hop/Rap
NL	Cincinnati Reds	Logan Ondrusek	P	Marilyn Manson	Antichrist Superstar	Rock
NL	Cincinnati Reds	Mat Latos	P	AFI	Miseria Cantare--The Beginning	Rock
NL	Cincinnati Reds	Mat Latos	P	Foreign Beggars	Typhoon - Feat. Chasing Shadows	Electronic
NL	Cincinnati Reds	Mike Leake	P	Sly & The Family Stone	Dance To The Music	R&B/Soul
NL	Cincinnati Reds	Mike Leake	P	Fabolous, The-Dream	Throw It In The Bag	Hip Hop/Rap
NL	Cincinnati Reds	Nick Masset	P	Wolfmother	Joker And The Thief	Alternative
NL	Cincinnati Reds	Ryan Hanigan	C	Maino feat. T-Pain	All Of The Above	
NL	Cincinnati Reds	Ryan Hanigan	C	Lupe Fiasco	The Show Goes On	Hip Hop/Rap
NL	Cincinnati Reds	Ryan Ludwick	LF	Fun.	We Are Young - feat. Janelle Monáe	Alternative
NL	Cincinnati Reds	Sean Marshall	P	Led Zepagain	Kashmir	Rock
NL	Cincinnati Reds	Shin-Soo Choo	CF	Pitbull, Chris Brown	International Love	Pop
NL	Cincinnati Reds	Shin-Soo Choo	CF	Psy	Gangnam Style (강남스타일)	Pop
NL	Cincinnati Reds	Todd Frazier	3B	Frank Sinatra	Fly Me To The Moon [The Frank Sinatra Collection] [1966 Live At The Sands Album Version]	
NL	Cincinnati Reds	Todd Frazier	3B	Frank Sinatra	Come Fly With Me - 2011 - Remaster	Vocal
NL	Cincinnati Reds	Willie Harris	2B	Ludacris, Field Mob	Georgia	Hip Hop/Rap
NL	Cincinnati Reds	Willie Harris	2B	The Isley Brothers	For The Love Of You - Part 1 & 2	R&B/Soul
NL	Cincinnati Reds	Xavier Paul	LF	Bone Thugs n Harmony	Tha Crossroads	Hip Hop/Rap
NL	Cincinnati Reds	Zack Cozart	SS	Robert Randolph And The Family Band	Ain't Nothing Wrong With That	Rock
NL	Colorado Rockies	Aaron Cook	P	Carly Rae Jepsen	Call Me Maybe	Pop
NL	Colorado Rockies	Carlos Gonzalez	LF	Alexis & Fido	Donde EstÃ©s LlegarÃ©	
NL	Colorado Rockies	Charlie Blackmon	RF	The Outfield	Your Love	Rock
NL	Colorado Rockies	Dexter Fowler	CF	Torch, Rick Ross	Grind-24 (feat. Rick Ross)	Hip Hop/Rap
NL	Colorado Rockies	DJ Lemahieu	2B	Imagine Dragons	Radioactive	Alternative
NL	Colorado Rockies	Drew Pomeranz	P	Bingo Players	Rattle - Original Mix	Dance
NL	Colorado Rockies	Eric Young	RF	Drake	Headlines - Explicit Version	Hip Hop/Rap
NL	Colorado Rockies	Jonathan Herrera	SS	Alexis & Fido	Rescate Feat. Daddy Yankee	Reggaeton y Hip-Hop
NL	Colorado Rockies	Jordan Pacheco	3B	Eminem	Square Dance	Hip Hop/Rap
NL	Colorado Rockies	Josh Rutledge	2B	Montell Jordan	This Is How We Do It	R&B/Soul
NL	Colorado Rockies	Michael Cuddyer	RF	Flux Pavilion	I Can't Stop	Dance
NL	Colorado Rockies	Nolan Arenado	3B	Grits, Toby Mac	Ooh Ahh (My Life Be Like)	
NL	Colorado Rockies	Rafael Betancourt	P	Pitbull	Give Me Everything feat. Ne-Yo, Afrojack & Nayer	Pop
NL	Colorado Rockies	Todd Helton	1B	Eric Church	Springsteen	Country
NL	Colorado Rockies	Troy Tulowitzki	SS	Avicii	Levels - Radio Edit	Dance
NL	Colorado Rockies	Tyler Colvin	RF	My Morning Jacket	Holdin on to Black Metal	Alternative
NL	Colorado Rockies	Wilin Rosario	C	Tito Swing	El CafÃ©	
NL	Colorado Rockies	Wilin Rosario	C	Pitbull, Chris Brown	International Love	Pop
NL	New York Mets	Collin Cowgill	CF	Black Sabbath	Iron Man	Rock
NL	New York Mets	Daniel Murphy	2B	Dropkick Murphys	I'm Shipping Up To Boston	Soundtrack
NL	New York Mets	David Wright	3B	Brantley Gilbert	Kick It In The Sticks	Country
NL	New York Mets	Ike Davis	1B	The Rolling Stones	Start Me Up	Rock
NL	New York Mets	Jonathon Niese	P	Jason Aldean	My Kinda Party	Country
NL	New York Mets	Jordany Valdespin	2B	Crazy Design, Carlitos Wey	El Teke Teke	Reggaeton y Hip-Hop
NL	New York Mets	Josh Satin	1B	Justin Timberlake	Summer Love	Pop
NL	New York Mets	Justin Turner	2B	Carly Rae Jepsen	Call Me Maybe	Pop
NL	New York Mets	Lucas Duda	LF	Jimi Hendrix	All Along The Watchtower	Rock
NL	New York Mets	Marlon Byrd	RF	Gang Starr	Work	Hip Hop/Rap
NL	New York Mets	Omar Quintanilla	SS	JAY Z, Kanye West	No Church In The Wild	Hip Hop/Rap
NL	New York Mets	Ruben Tejada	SS	Angel Y Khriz, Gocho	Na De Na	Reggaeton y Hip-Hop
NL	New York Mets	Scott Atchison	P	George Strait	Heartland - Pure Country/Soundtrack Version	Country
NL	New York Mets	Shaun Marcum	P	Disturbed	Inside The Fire	Rock
NL	Atlanta Braves	Andrelton Simmons	SS	Michel Teló	Ai Se Eu Te Pego - Live	Brazilian
NL	Atlanta Braves	Anthony Varvaro	P	Drake	Headlines - Explicit Version	Hip Hop/Rap
NL	Atlanta Braves	BJ Upton	CF	RJD2	Ghostwriter	Hip Hop/Rap
NL	Atlanta Braves	Brandon Beachy	P	Fun.	We Are Young - feat. Janelle Monáe	Alternative
NL	Atlanta Braves	Brian Mccann	C	Eric Church	Homeboy	Country
NL	Atlanta Braves	Brian Mccann	C	DJ Khaled	All I Do Is Win - Feat. T-Pain, Ludacris, Snoop Dogg & Rick Ross	Hip Hop/Rap
NL	Atlanta Braves	Chris Johnson	3B	Cole Swindell	Chillin' It	Country
NL	Atlanta Braves	Craig Kimbrel	P	Guns N' Roses	Welcome To The Jungle	Rock
NL	Atlanta Braves	Cristhian Martinez	P	Pitbull	Shut It Down featuring Akon	
NL	Atlanta Braves	Dan Uggla	2B	B.o.B.	My Sweet Baby	Country
NL	Atlanta Braves	Freddie Freeman	1B	Carly Rae Jepsen	Call Me Maybe	Pop
NL	Atlanta Braves	Gerald Laird	C	Mann	Buzzin	Hip Hop/Rap
NL	Atlanta Braves	Jason Heyward	RF	Jay Z, Kanye West	Ni**as In Paris	Hip Hop/Rap
NL	Atlanta Braves	Jordan Schafer	CF	Benny Benassi	Cinema - Skrillex Remix	Dance
NL	Atlanta Braves	Jordan Walden	P	Motörhead	The Game	Soundtrack
NL	Atlanta Braves	Juan Francisco	3B	Secreto "El Famoso Biberon"	Papa Dios Me Dijo	Hip Hop/Rap
NL	Atlanta Braves	Julio Teheran	P	Plan B	Es Un Secreto	Reggaeton y Hip-Hop
NL	Atlanta Braves	Justin Upton	LF	Wale	Ambition - feat. Meek Mill & Rick Ross	Hip Hop/Rap
NL	Atlanta Braves	Kris Medlen	P	The White Stripes	Icky Thump	Alternative
NL	Atlanta Braves	Luis Avilan	P	The Jimi Hendrix Experience	Fire	Rock
NL	Atlanta Braves	Luis Ayala	P	Los Tigres Del Norte	Jefe De Jefes	Regional Mexicano
NL	Atlanta Braves	Mike Minor	P	Kings Of Leon	Closer	Alternative
NL	Atlanta Braves	Paul Janish	SS	#1 Country Hits Collection	Ain't Going Down ('Til The Sun Comes Up) - A Tribute To Garth Brooks	
NL	Atlanta Braves	Tim Hudson	P	Saliva	Ladies and Gentlemen	Rock
NL	Atlanta Braves	Tyler Pastornicky	SS	Pitbull, Chris Brown	International Love	Pop
NL	Arizona Diamondbacks	Aaron Hill	2B	Travis Tritt	It's A Great Day To Be Alive	Country
NL	Arizona Diamondbacks	Aaron Hill	2B	Zac Brown Band	Knee Deep - Feat. Jimmy Buffett	Country
NL	Arizona Diamondbacks	AJ Pollock	CF	Imagine Dragons	Radioactive	Alternative
NL	Arizona Diamondbacks	Cliff Pennington	SS	Switchfoot	Meant To Live	Rock
NL	Arizona Diamondbacks	Cody Ross	RF	Bassnectar	Vava Voom	Electronic
NL	Arizona Diamondbacks	Cody Ross	RF	Bon Jovi	Livin' On A Prayer	Rock
NL	Arizona Diamondbacks	David Hernandez	P	Coolio	Gangsta's Paradise	Hip Hop/Rap
NL	Arizona Diamondbacks	Eric Hinske	1B	Pantera	Walk	Heavy Metal
NL	Arizona Diamondbacks	Eric Chavez	3B	Dorrough	Ice Cream Paint Job	Hip Hop/Rap
NL	Arizona Diamondbacks	Gerardo Parra	RF	Daddy Yankee	Limbo	Reggaeton y Hip-Hop
NL	Arizona Diamondbacks	Heath Bell	P	Breaking Benjamin	Blow Me Away - Soundtrack Version	Rock
NL	Arizona Diamondbacks	Ian Kennedy	P	Lecrae	New Shalom Ft. Pro	
NL	Arizona Diamondbacks	Ian Kennedy	P	Red	Already Over	Alternative
NL	Arizona Diamondbacks	Jason Kubel	RF	Beastie Boys	Fight For Your Right	Hip Hop/Rap
NL	Arizona Diamondbacks	Jason Kubel	RF	Beastie Boys	Sabotage	Rock
NL	Arizona Diamondbacks	JJ Putz	P	AC/DC	Thunderstruck	Rock
NL	Arizona Diamondbacks	Joe Paterson	P	Tim McGraw	How Bad Do You Want It	Country
NL	Arizona Diamondbacks	Josh Collmenter	P	Bullet For My Valentine	Your Betrayal	Rock
NL	Arizona Diamondbacks	Martin Prado	3B	Tiken Jah Fakoly	Quitte Le Pouvoir	Reggae
NL	Arizona Diamondbacks	Martin Prado	3B	Alvaro	Make The Crowd GO - Original Mix	Dance
NL	Arizona Diamondbacks	Miguel Montero	C	La Yanta	Chacarron... Macarron	Reggaeton y Hip-Hop
NL	Arizona Diamondbacks	Paul Goldschmidt	1B	Linkin Park	One Step Closer	Alternative
NL	Arizona Diamondbacks	Randall Delgado	P	Don Omar	How We Roll	Soundtrack
NL	Arizona Diamondbacks	Rod Barajas	C	Spark Dawg	Nothing But A G Thang	
NL	Arizona Diamondbacks	Tony Sipp	P	Big K.R.I.T.	Man On Fire	Hip Hop/Rap
NL	Arizona Diamondbacks	Trevor Cahill	P	ZZ Top	Gimme All Your Lovin'	Rock
NL	Arizona Diamondbacks	Trevor Cahill	P	Jefferson Airplane	White Rabbit	Rock
NL	Arizona Diamondbacks	Wade Miley	P	Justin Moore	Backwoods	Country
NL	Arizona Diamondbacks	Willie Bloomquist	SS	Guns N' Roses	Paradise City	Rock
NL	Arizona Diamondbacks	Willie Bloomquist	SS	Guns N' Roses	Sweet Child O' Mine	Rock
NL	Pittsburgh Pirates	AJ Burnett	P	The Notorious B.I.G.	Big Poppa	R&B/Soul
NL	Pittsburgh Pirates	AJ Burnett	P	The Walking Dead	The Walking Dead (Main Title Theme)	Soundtrack
NL	Pittsburgh Pirates	Alex Presley	LF	Mötley Crüe	Kickstart My Heart	Rock
NL	Pittsburgh Pirates	Andrew Mccutchen	CF	Ellie Goulding	Lights	Pop
NL	Pittsburgh Pirates	Andrew Mccutchen	CF	Childish Gambino	Bonfire	Hip Hop/Rap
NL	Pittsburgh Pirates	Brandon Inge	3B	Nirvana	Lithium	Alternative
NL	Pittsburgh Pirates	Clint Barmes	SS	The Karaoke Studio	Kick It in the Sticks (In the Style of Brantley Gilbert) [Karaoke Version]	Country
NL	Pittsburgh Pirates	Gaby Sanchez	1B	Pitbull	Get Up/Levantate	Hip Hop/Rap
NL	Pittsburgh Pirates	Garrett Jones	1B	Eluveitie	Inis Mona	Rock
NL	Pittsburgh Pirates	Jason Grilli	P	Pearl Jam	Whipping	Alternative
NL	Pittsburgh Pirates	Jeff Karstens	P	The Heavy	How You Like Me Now	Rock
NL	Pittsburgh Pirates	John Mcdonald	SS	Dierks Bentley	Free And Easy (Down The Road I Go)	Country
NL	Pittsburgh Pirates	Jordy Mercer	SS	Outasight	Tonight Is The Night	Pop
NL	Pittsburgh Pirates	Matt Hague	1B	Shawty Lo	Foolish - Explicit Album Version	Hip Hop/Rap
NL	Pittsburgh Pirates	Michael Mckenry	C	Tedashii	Work	Hip Hop/Rap
NL	Pittsburgh Pirates	Neil Walker	2B	The White Stripes	Icky Thump	Alternative
NL	Pittsburgh Pirates	Pedro Alvarez	3B	The Notorious B.I.G.	Juicy	Hip Hop/Rap
NL	Pittsburgh Pirates	Russell Martin	C	Kanye West, Lupe Fiasco	Touch The Sky	Hip Hop/Rap
NL	Pittsburgh Pirates	Russell Martin	C	Bonobo	Kiara	Electronic
NL	Pittsburgh Pirates	Russell Martin	C	Kanye West, Jay Z	Clique	Hip Hop/Rap
NL	Pittsburgh Pirates	Travis Snider	RF	Nirvana	Smells Like Teen Spirit	Alternative
NL	San Diego Padres	Chase Headley	3B	Jeremy Camp	Take My Life	Christian & Gospel
NL	San Diego Padres	Chris Denorfia	RF	Quiet Riot	Metal Health (Bang Your Head)	Rock
NL	San Diego Padres	Kyle Blanks	LF	Disturbed	Stricken	Rock
NL	San Diego Padres	Mark Kotsay	LF	Fun.	We Are Young - feat. Janelle Monáe	Alternative
NL	San Diego Padres	Nick Hundley	C	Collective Soul	Shine	Rock
NL	San Diego Padres	Travis Buck	RF	Jay Z, Kanye West	Ni**as In Paris	Hip Hop/Rap
NL	San Diego Padres	Will Venable	RF	King Floyd	Groove Me	Blues
NL	San Diego Padres	Will Venable	RF	Kito	Sweet Talk	Electronic
NL	San Diego Padres	Yonder Alonso	1B	Pitbull	Vida 23 featuring Nayer	
NL	Miami Marlins	Chone Figgins	LF	Rihanna, Jay Z	Talk That Talk	Pop
NL	Miami Marlins	Chone Figgins	LF	Will Smith	Gettin' Jiggy Wit It	Hip Hop/Rap
NL	Miami Marlins	Giancarlo Stanton	RF	Nate Dogg, Obie Trice	Look In My Eyes	Hip Hop/Rap
NL	Miami Marlins	Giancarlo Stanton	RF	Drake	Lord Knows	Hip Hop/Rap
NL	Miami Marlins	Gorkys Hernandez	CF	Orgy	Blue Monday	Rock
NL	Miami Marlins	Juan Pierre	LF	Thi'sl, Alcam	No Walls (Set It Off)	Hip Hop/Rap
NL	Miami Marlins	Logan Morrison	LF	Yelawolf	Get The Fuck Up!	Hip Hop/Rap
NL	Miami Marlins	Matt Downs	3B	Fun.	We Are Young - feat. Janelle Monáe	Alternative
NL	Miami Marlins	Matt Diaz	LF	Trip Lee, Lecrae	I'm Good	Hip Hop/Rap
NL	Miami Marlins	Miguel Olivo	C	Alice In Chains	Man In The Box	Alternative
NL	Miami Marlins	Mike Dunn	P	Nickelback	Kiss It Goodbye	Rock
NL	Miami Marlins	Placido Polanco	3B	Pitbull	Shake Senora Featuring T-Pain & Sean Paul	
NL	Miami Marlins	Ricky Nolasco	P	Swedish House Mafia	One - Radio Edit	Dance
NL	Miami Marlins	Steve Cishek	P	116 Clique	Send Me/represent	Christian & Gospel
NL	Miami Marlins	Wade Leblanc	P	Creedence Clearwater Revival	Born On The Bayou	Rock
NL	Miami Marlins	Wilson Valdez	SS	Crazy Design, Carlitos Wey	El Teke Teke	Reggaeton y Hip-Hop
NL	St. Louis Cardinals	Adam Wainwright	P	Alabama	Song Of The South	Country
NL	St. Louis Cardinals	Adron Chambers	CF	Kevin Rudolf, Birdman	I Made It (Cash Money Heroes)	Pop
NL	St. Louis Cardinals	Allen Craig	1B	E-40	Tell Me When To Go - feat. Keak Da Sneak Album Version	Hip Hop/Rap
NL	St. Louis Cardinals	Allen Craig	1B	Rej3ctz	Cat Daddy	Hip Hop/Rap
NL	St. Louis Cardinals	Carlos Beltran	RF	Guns N' Roses	Welcome To The Jungle	Rock
NL	St. Louis Cardinals	Daniel Descalso	2B	Drake, Lil Wayne	The Motto	Hip Hop/Rap
NL	St. Louis Cardinals	David Freese	3B	Murphy Lee	Freese	Hip Hop/Rap
NL	St. Louis Cardinals	Edward Mujica	P	Alexis & Fido	Rescate Feat. Daddy Yankee	Reggaeton y Hip-Hop
NL	St. Louis Cardinals	Jake Westbrook	P	Alabama	Southern Star	Country
NL	St. Louis Cardinals	Jason Motte	P	Green Day	Brain Stew	Alternative
NL	St. Louis Cardinals	Jon Jay	CF	Wale, Meek Mill & Rick Ross	Fitted Cap - feat. J Cole	Hip Hop/Rap
NL	St. Louis Cardinals	Justin Christian	RF	San Quinn, Big Rich	San Francisco Anthem	Hip Hop/Rap
NL	St. Louis Cardinals	Matt Carpenter	2B	Turnpike Troubadours	Long Hot Summer Day	Country
NL	St. Louis Cardinals	Matt Holliday	LF	Wrestling Heroes	Crank It Up (Made Famous by Brand New Sin)	
NL	St. Louis Cardinals	Matt Adams	1B	Ace Hood, Rick Ross	Cash Flow	Hip Hop/Rap
NL	St. Louis Cardinals	Pete Kozma	SS	Audioslave	Gasoline	Alternative
NL	St. Louis Cardinals	Pete Kozma	SS	Godsmack	Keep Away	Rock
NL	St. Louis Cardinals	Shane Robinson	CF	The Browning	Ashamed	Rock
NL	St. Louis Cardinals	Tony Cruz	C	Missy Elliott	Pass That Dutch - Bomb Intro/ Explicit Album Version	Hip Hop/Rap
NL	St. Louis Cardinals	Yadier Molina	C	Wisin & Yandel, Tego Calderon	Sigan Bailando	Reggaeton y Hip-Hop
NL	Milwaukee Brewers	Carlos Gomez	CF	Young Dro, T.I.	Shoulder Lean	Hip Hop/Rap
NL	Milwaukee Brewers	Corey Hart	1B	Casting Crowns	My Own Worst Enemy	Christian & Gospel
NL	Milwaukee Brewers	Jeff Bianchi	SS	Jeremy Camp	Tonight	Christian & Gospel
NL	Milwaukee Brewers	John Axford	P	Refused	New Noise	Alternative
NL	Milwaukee Brewers	Jonathan Lucroy	C	Red	Fight Inside	Rock
NL	Milwaukee Brewers	Marco Estrada	P	Killswitch Engage	The End Of Heartache	Rock
NL	Milwaukee Brewers	Mark Rogers	P	Vampire Weekend	A-Punk	Alternative
NL	Milwaukee Brewers	Michael Gonzalez	P	Fabolous, Jeremih	My Time	Hip Hop/Rap
NL	Milwaukee Brewers	Norichika Aoki	RF	Flo Rida	Right Round - US Album Version	Hip Hop/Rap
NL	Milwaukee Brewers	Rickie Weeks	2B	Wale	Ambition - feat. Meek Mill & Rick Ross	Hip Hop/Rap
NL	Milwaukee Brewers	Ryan Braun	LF	JAY-Z, Faith Evans	A Dream	Hip Hop/Rap
NL	Milwaukee Brewers	Taylor Green	1B	Eric Clapton	Layla	Rock
NL	Milwaukee Brewers	Yovani Gallardo	P	Fabolous, Jeremih	My Time	Hip Hop/Rap
NL	Milwaukee Brewers	Yuniesky Betancourt	3B	El Chacal Y Yakarta	Soy Un Descarao	Latin
